ds,y
2/01/2013,0.0027
3/01/2013,0.0027
4/01/2013,0.0027
7/01/2013,0.0027
8/01/2013,0.0025
9/01/2013,0.0024
10/01/2013,0.0026
11/01/2013,0.0026
14/01/2013,0.0026
15/01/2013,0.0026
16/01/2013,0.0026
17/01/2013,0.0028
18/01/2013,0.0026
21/01/2013,0
22/01/2013,0.0026
23/01/2013,0.0026
24/01/2013,0.0023
25/01/2013,0.0028
28/01/2013,0.0029
29/01/2013,0.003
30/01/2013,0.0027
31/01/2013,0.0027
1/02/2013,0.0027
4/02/2013,0.0025
5/02/2013,0.0027
6/02/2013,0.0027
7/02/2013,0.0025
8/02/2013,0.0025
11/02/2013,0.0027
12/02/2013,0.0029
13/02/2013,0.0029
14/02/2013,0.0027
15/02/2013,0.0029
18/02/2013,0
19/02/2013,0.0029
20/02/2013,0.0027
21/02/2013,0.0026
22/02/2013,0.0027
25/02/2013,0.0025
26/02/2013,0.0025
27/02/2013,0.0027
28/02/2013,0.0025
1/03/2013,0.0025
4/03/2013,0.0024
5/03/2013,0.0025
6/03/2013,0.0025
7/03/2013,0.0025
8/03/2013,0.0027
11/03/2013,0.0027
12/03/2013,0.0027
13/03/2013,0.0027
14/03/2013,0.0027
15/03/2013,0.0025
18/03/2013,0.0026
19/03/2013,0.0024
20/03/2013,0.0026
21/03/2013,0.0027
22/03/2013,0.0026
25/03/2013,0.0024
26/03/2013,0.0025
27/03/2013,0.0025
28/03/2013,0.0025
29/03/2013,0
1/04/2013,0.0023
2/04/2013,0.0025
3/04/2013,0.0024
4/04/2013,0.0022
5/04/2013,0.0024
8/04/2013,0.0024
9/04/2013,0.0024
10/04/2013,0.0024
11/04/2013,0.0024
12/04/2013,0.0022
15/04/2013,0.0022
16/04/2013,0.0024
17/04/2013,0.0024
18/04/2013,0.0024
19/04/2013,0.0024
22/04/2013,0.0024
23/04/2013,0.0023
24/04/2013,0.0023
25/04/2013,0.0023
26/04/2013,0.0022
29/04/2013,0.002
30/04/2013,0.0022
1/05/2013,0.002
2/05/2013,0.002
3/05/2013,0.0022
6/05/2013,0.0022
7/05/2013,0.0022
8/05/2013,0.0022
9/05/2013,0.0022
10/05/2013,0.0026
13/05/2013,0.0024
14/05/2013,0.0026
15/05/2013,0.0026
16/05/2013,0.0023
17/05/2013,0.0026
20/05/2013,0.0026
21/05/2013,0.0026
22/05/2013,0.0026
23/05/2013,0.0026
24/05/2013,0.0026
27/05/2013,0
28/05/2013,0.0029
29/05/2013,0.003
30/05/2013,0.0031
31/05/2013,0.003
3/06/2013,0.003
4/06/2013,0.0032
5/06/2013,0.003
6/06/2013,0.003
7/06/2013,0.0032
10/06/2013,0.0032
11/06/2013,0.0034
12/06/2013,0.0034
13/06/2013,0.0032
14/06/2013,0.0029
17/06/2013,0.0027
18/06/2013,0.0027
19/06/2013,0.0031
20/06/2013,0.0033
21/06/2013,0.0038
24/06/2013,0.0042
25/06/2013,0.0043
26/06/2013,0.0039
27/06/2013,0.0036
28/06/2013,0.0036
1/07/2013,0.0034
2/07/2013,0.0034
3/07/2013,0.0036
4/07/2013,0
5/07/2013,0.004
8/07/2013,0.0037
9/07/2013,0.0037
10/07/2013,0.0038
11/07/2013,0.0034
12/07/2013,0.0037
15/07/2013,0.0034
16/07/2013,0.0034
17/07/2013,0.0032
18/07/2013,0.0032
19/07/2013,0.0032
22/07/2013,0.0032
23/07/2013,0.0033
24/07/2013,0.0034
25/07/2013,0.0032
26/07/2013,0.0031
29/07/2013,0.0033
30/07/2013,0.0033
31/07/2013,0.0031
1/08/2013,0.0035
2/08/2013,0.003
5/08/2013,0.0032
6/08/2013,0.0032
7/08/2013,0.0032
8/08/2013,0.003
9/08/2013,0.0032
12/08/2013,0.0032
13/08/2013,0.0034
14/08/2013,0.0034
15/08/2013,0.0036
16/08/2013,0.0036
19/08/2013,0.0036
20/08/2013,0.0036
21/08/2013,0.0038
22/08/2013,0.0042
23/08/2013,0.004
26/08/2013,0.0041
27/08/2013,0.0038
28/08/2013,0.004
29/08/2013,0.0039
30/08/2013,0.0039
2/09/2013,0
3/09/2013,0.0043
4/09/2013,0.0046
5/09/2013,0.0052
6/09/2013,0.0046
9/09/2013,0.0045
10/09/2013,0.005
11/09/2013,0.0047
12/09/2013,0.0045
13/09/2013,0.0045
16/09/2013,0.0041
17/09/2013,0.0039
18/09/2013,0.0034
19/09/2013,0.0034
20/09/2013,0.0034
23/09/2013,0.0035
24/09/2013,0.0035
25/09/2013,0.0036
26/09/2013,0.0034
27/09/2013,0.0034
30/09/2013,0.0033
1/10/2013,0.0033
2/10/2013,0.0031
3/10/2013,0.0033
4/10/2013,0.0033
7/10/2013,0.0037
8/10/2013,0.004
9/10/2013,0.0037
10/10/2013,0.0035
11/10/2013,0.0035
14/10/2013,0
15/10/2013,0.0037
16/10/2013,0.0034
17/10/2013,0.0033
18/10/2013,0.0033
21/10/2013,0.0033
22/10/2013,0.0031
23/10/2013,0.0031
24/10/2013,0.0033
25/10/2013,0.0032
28/10/2013,0.0032
29/10/2013,0.0031
30/10/2013,0.0033
31/10/2013,0.0031
1/11/2013,0.0033
4/11/2013,0.0032
5/11/2013,0.0032
6/11/2013,0.003
7/11/2013,0.0029
8/11/2013,0.0032
11/11/2013,0
12/11/2013,0.0034
13/11/2013,0.0032
14/11/2013,0.0029
15/11/2013,0.0031
18/11/2013,0.0031
19/11/2013,0.0029
20/11/2013,0.0028
21/11/2013,0.0029
22/11/2013,0.0031
25/11/2013,0.003
26/11/2013,0.0029
27/11/2013,0.0028
28/11/2013,0
29/11/2013,0.0028
2/12/2013,0.003
3/12/2013,0.0028
4/12/2013,0.003
5/12/2013,0.003
6/12/2013,0.003
9/12/2013,0.003
10/12/2013,0.003
11/12/2013,0.0031
12/12/2013,0.0034
13/12/2013,0.0034
16/12/2013,0.0034
17/12/2013,0.0034
18/12/2013,0.0032
19/12/2013,0.0035
20/12/2013,0.0037
23/12/2013,0.0038
24/12/2013,0.0038
25/12/2013,0
26/12/2013,0.0042
27/12/2013,0.004
30/12/2013,0.0039
31/12/2013,0.0038
1/01/2014,0
2/01/2014,0.0039
3/01/2014,0.0041
6/01/2014,0.004
7/01/2014,0.004
8/01/2014,0.0043
9/01/2014,0.0044
10/01/2014,0.0039
13/01/2014,0.0039
14/01/2014,0.0039
15/01/2014,0.0041
16/01/2014,0.0041
17/01/2014,0.004
20/01/2014,0
21/01/2014,0.004
22/01/2014,0.0044
23/01/2014,0.0039
24/01/2014,0.0037
27/01/2014,0.0037
28/01/2014,0.0038
29/01/2014,0.0036
30/01/2014,0.0036
31/01/2014,0.0034
3/02/2014,0.003
4/02/2014,0.0031
5/02/2014,0.0032
6/02/2014,0.0033
7/02/2014,0.003
10/02/2014,0.0032
11/02/2014,0.0035
12/02/2014,0.0035
13/02/2014,0.0032
14/02/2014,0.0032
17/02/2014,0
18/02/2014,0.0031
19/02/2014,0.0033
20/02/2014,0.0034
21/02/2014,0.0033
24/02/2014,0.0035
25/02/2014,0.0034
26/02/2014,0.0033
27/02/2014,0.0033
28/02/2014,0.0033
3/03/2014,0.0032
4/03/2014,0.0033
5/03/2014,0.0033
6/03/2014,0.0037
7/03/2014,0.0038
10/03/2014,0.0037
11/03/2014,0.0037
12/03/2014,0.0037
13/03/2014,0.0034
14/03/2014,0.0036
17/03/2014,0.0038
18/03/2014,0.0036
19/03/2014,0.0047
20/03/2014,0.0045
21/03/2014,0.0045
24/03/2014,0.0047
25/03/2014,0.0047
26/03/2014,0.0045
27/03/2014,0.0045
28/03/2014,0.0045
31/03/2014,0.0044
1/04/2014,0.0044
2/04/2014,0.0047
3/04/2014,0.0046
4/04/2014,0.0043
7/04/2014,0.0041
8/04/2014,0.004
9/04/2014,0.0037
10/04/2014,0.0037
11/04/2014,0.0037
14/04/2014,0.0037
15/04/2014,0.0039
16/04/2014,0.0039
17/04/2014,0.0043
18/04/2014,0
21/04/2014,0.0042
22/04/2014,0.0045
23/04/2014,0.0043
24/04/2014,0.0043
25/04/2014,0.0043
28/04/2014,0.0044
29/04/2014,0.0044
30/04/2014,0.0042
1/05/2014,0.0041
2/05/2014,0.0042
5/05/2014,0.0043
6/05/2014,0.0043
7/05/2014,0.0041
8/05/2014,0.004
9/05/2014,0.004
12/05/2014,0.0041
13/05/2014,0.0039
14/05/2014,0.0039
15/05/2014,0.0038
16/05/2014,0.0038
19/05/2014,0.0036
20/05/2014,0.0035
21/05/2014,0.0037
22/05/2014,0.0037
23/05/2014,0.0037
26/05/2014,0
27/05/2014,0.0039
28/05/2014,0.0037
29/05/2014,0.0037
30/05/2014,0.0037
2/06/2014,0.0039
3/06/2014,0.0041
4/06/2014,0.0041
5/06/2014,0.004
6/06/2014,0.0041
9/06/2014,0.0043
10/06/2014,0.0045
11/06/2014,0.0044
12/06/2014,0.0042
13/06/2014,0.0045
16/06/2014,0.0049
17/06/2014,0.0051
18/06/2014,0.0048
19/06/2014,0.0048
20/06/2014,0.005
23/06/2014,0.0048
24/06/2014,0.0049
25/06/2014,0.0048
26/06/2014,0.0046
27/06/2014,0.0045
30/06/2014,0.0047
1/07/2014,0.0047
2/07/2014,0.0049
3/07/2014,0.0052
4/07/2014,0
7/07/2014,0.0052
8/07/2014,0.0051
9/07/2014,0.0051
10/07/2014,0.0046
11/07/2014,0.0048
14/07/2014,0.0048
15/07/2014,0.0049
16/07/2014,0.005
17/07/2014,0.0047
18/07/2014,0.0051
21/07/2014,0.0051
22/07/2014,0.0049
23/07/2014,0.005
24/07/2014,0.0053
25/07/2014,0.0053
28/07/2014,0.0054
29/07/2014,0.0054
30/07/2014,0.0056
31/07/2014,0.0053
1/08/2014,0.0047
4/08/2014,0.0047
5/08/2014,0.0047
6/08/2014,0.0048
7/08/2014,0.0044
8/08/2014,0.0045
11/08/2014,0.0047
12/08/2014,0.0045
13/08/2014,0.0043
14/08/2014,0.0042
15/08/2014,0.0042
18/08/2014,0.0044
19/08/2014,0.0046
20/08/2014,0.0049
21/08/2014,0.0049
22/08/2014,0.0053
25/08/2014,0.0053
26/08/2014,0.0052
27/08/2014,0.0051
28/08/2014,0.005
29/08/2014,0.0048
1/09/2014,0
2/09/2014,0.0053
3/09/2014,0.0052
4/09/2014,0.0054
5/09/2014,0.0052
8/09/2014,0.0054
9/09/2014,0.0056
10/09/2014,0.0058
11/09/2014,0.0058
12/09/2014,0.0058
15/09/2014,0.0058
16/09/2014,0.0055
17/09/2014,0.0059
18/09/2014,0.0059
19/09/2014,0.0059
22/09/2014,0.0058
23/09/2014,0.0057
24/09/2014,0.0059
25/09/2014,0.0056
26/09/2014,0.0059
29/09/2014,0.0058
30/09/2014,0.0058
1/10/2014,0.0053
2/10/2014,0.0053
3/10/2014,0.0057
6/10/2014,0.0054
7/10/2014,0.0052
8/10/2014,0.0046
9/10/2014,0.0046
10/10/2014,0.0045
13/10/2014,0
14/10/2014,0.0039
15/10/2014,0.0034
16/10/2014,0.0035
17/10/2014,0.0039
20/10/2014,0.0037
21/10/2014,0.0038
22/10/2014,0.0041
23/10/2014,0.0041
24/10/2014,0.0041
27/10/2014,0.0041
28/10/2014,0.0042
29/10/2014,0.0048
30/10/2014,0.0048
31/10/2014,0.005
3/11/2014,0.0052
4/11/2014,0.0052
5/11/2014,0.0052
6/11/2014,0.0054
7/11/2014,0.0051
10/11/2014,0.0055
11/11/2014,0
12/11/2014,0.0055
13/11/2014,0.0053
14/11/2014,0.0054
17/11/2014,0.0054
18/11/2014,0.0053
19/11/2014,0.0054
20/11/2014,0.0053
21/11/2014,0.0053
24/11/2014,0.0053
25/11/2014,0.0051
26/11/2014,0.0053
27/11/2014,0
28/11/2014,0.0047
1/12/2014,0.0049
2/12/2014,0.0055
3/12/2014,0.0057
4/12/2014,0.0055
5/12/2014,0.0065
8/12/2014,0.0064
9/12/2014,0.0064
10/12/2014,0.0059
11/12/2014,0.0062
12/12/2014,0.0056
15/12/2014,0.006
16/12/2014,0.0058
17/12/2014,0.0062
18/12/2014,0.0067
19/12/2014,0.0067
22/12/2014,0.0071
23/12/2014,0.0073
24/12/2014,0.0073
25/12/2014,0
26/12/2014,0.0073
29/12/2014,0.0072
30/12/2014,0.0069
31/12/2014,0.0067
1/01/2015,0
2/01/2015,0.0066
5/01/2015,0.0068
6/01/2015,0.0065
7/01/2015,0.0062
8/01/2015,0.0062
9/01/2015,0.0059
12/01/2015,0.0056
13/01/2015,0.0054
14/01/2015,0.0051
15/01/2015,0.0044
16/01/2015,0.0049
19/01/2015,0
20/01/2015,0.0053
21/01/2015,0.0053
22/01/2015,0.0053
23/01/2015,0.0052
26/01/2015,0.0054
27/01/2015,0.0054
28/01/2015,0.005
29/01/2015,0.0051
30/01/2015,0.0047
2/02/2015,0.0049
3/02/2015,0.0052
4/02/2015,0.0052
5/02/2015,0.0052
6/02/2015,0.0065
9/02/2015,0.0065
10/02/2015,0.0067
11/02/2015,0.0067
12/02/2015,0.0061
13/02/2015,0.0066
16/02/2015,0
17/02/2015,0.007
18/02/2015,0.0062
19/02/2015,0.0067
20/02/2015,0.0067
23/02/2015,0.0064
24/02/2015,0.006
25/02/2015,0.0061
26/02/2015,0.0066
27/02/2015,0.0063
2/03/2015,0.0066
3/03/2015,0.0068
4/03/2015,0.0066
5/03/2015,0.0065
6/03/2015,0.0073
9/03/2015,0.007
10/03/2015,0.007
11/03/2015,0.007
12/03/2015,0.0067
13/03/2015,0.0068
16/03/2015,0.0066
17/03/2015,0.007
18/03/2015,0.0057
19/03/2015,0.0063
20/03/2015,0.006
23/03/2015,0.006
24/03/2015,0.0058
25/03/2015,0.0059
26/03/2015,0.0061
27/03/2015,0.0058
30/03/2015,0.0058
31/03/2015,0.0056
1/04/2015,0.0055
2/04/2015,0.0055
3/04/2015,0.0049
6/04/2015,0.0051
7/04/2015,0.0052
8/04/2015,0.0054
9/04/2015,0.0056
10/04/2015,0.0057
13/04/2015,0.0054
14/04/2015,0.0053
15/04/2015,0.0051
16/04/2015,0.005
17/04/2015,0.0051
20/04/2015,0.0055
21/04/2015,0.0055
22/04/2015,0.0057
23/04/2015,0.0055
24/04/2015,0.0054
27/04/2015,0.0054
28/04/2015,0.0056
29/04/2015,0.0056
30/04/2015,0.0058
1/05/2015,0.006
4/05/2015,0.006
5/05/2015,0.0062
6/05/2015,0.0065
7/05/2015,0.0063
8/05/2015,0.0059
11/05/2015,0.0062
12/05/2015,0.0061
13/05/2015,0.0059
14/05/2015,0.0056
15/05/2015,0.0055
18/05/2015,0.0058
19/05/2015,0.0063
20/05/2015,0.006
21/05/2015,0.006
22/05/2015,0.0064
25/05/2015,0
26/05/2015,0.0064
27/05/2015,0.0064
28/05/2015,0.0062
29/05/2015,0.0061
1/06/2015,0.0064
2/06/2015,0.0064
3/06/2015,0.0069
4/06/2015,0.0066
5/06/2015,0.0073
8/06/2015,0.007
9/06/2015,0.0072
10/06/2015,0.0075
11/06/2015,0.0073
12/06/2015,0.0074
15/06/2015,0.0072
16/06/2015,0.0071
17/06/2015,0.0067
18/06/2015,0.0066
19/06/2015,0.0065
22/06/2015,0.0068
23/06/2015,0.007
24/06/2015,0.0068
25/06/2015,0.0068
26/06/2015,0.0072
29/06/2015,0.0064
30/06/2015,0.0064
1/07/2015,0.0069
2/07/2015,0.0064
3/07/2015,0
6/07/2015,0.006
7/07/2015,0.0058
8/07/2015,0.0055
9/07/2015,0.006
10/07/2015,0.0065
13/07/2015,0.0069
14/07/2015,0.0066
15/07/2015,0.0064
16/07/2015,0.0067
17/07/2015,0.0068
20/07/2015,0.0071
21/07/2015,0.0071
22/07/2015,0.0075
23/07/2015,0.0071
24/07/2015,0.007
27/07/2015,0.0068
28/07/2015,0.0069
29/07/2015,0.007
30/07/2015,0.0072
31/07/2015,0.0067
3/08/2015,0.0068
4/08/2015,0.0074
5/08/2015,0.0073
6/08/2015,0.0071
7/08/2015,0.0073
10/08/2015,0.0073
11/08/2015,0.0068
12/08/2015,0.0067
13/08/2015,0.0072
14/08/2015,0.0073
17/08/2015,0.0072
18/08/2015,0.0074
19/08/2015,0.0067
20/08/2015,0.0069
21/08/2015,0.0064
24/08/2015,0.0059
25/08/2015,0.0067
26/08/2015,0.0067
27/08/2015,0.0068
28/08/2015,0.0072
31/08/2015,0.0074
1/09/2015,0.007
2/09/2015,0.0072
3/09/2015,0.0071
4/09/2015,0.0071
7/09/2015,0
8/09/2015,0.0074
9/09/2015,0.0075
10/09/2015,0.0075
11/09/2015,0.0071
14/09/2015,0.0073
15/09/2015,0.0082
16/09/2015,0.0082
17/09/2015,0.007
18/09/2015,0.0069
21/09/2015,0.0072
22/09/2015,0.0069
23/09/2015,0.007
24/09/2015,0.0067
25/09/2015,0.007
28/09/2015,0.0067
29/09/2015,0.0064
30/09/2015,0.0064
1/10/2015,0.0064
2/10/2015,0.0058
5/10/2015,0.0061
6/10/2015,0.0061
7/10/2015,0.0065
8/10/2015,0.0065
9/10/2015,0.0065
12/10/2015,0
13/10/2015,0.0064
14/10/2015,0.0057
15/10/2015,0.0061
16/10/2015,0.0061
19/10/2015,0.0061
20/10/2015,0.0066
21/10/2015,0.0064
22/10/2015,0.0061
23/10/2015,0.0066
26/10/2015,0.0066
27/10/2015,0.0065
28/10/2015,0.0073
29/10/2015,0.0075
30/10/2015,0.0075
2/11/2015,0.0077
3/11/2015,0.008
4/11/2015,0.0084
5/11/2015,0.0085
6/11/2015,0.009
9/11/2015,0.0089
10/11/2015,0.0087
11/11/2015,0
12/11/2015,0.0089
13/11/2015,0.0086
16/11/2015,0.0088
17/11/2015,0.0086
18/11/2015,0.009
19/11/2015,0.0091
20/11/2015,0.0093
23/11/2015,0.0094
24/11/2015,0.0093
25/11/2015,0.0093
26/11/2015,0
27/11/2015,0.0092
30/11/2015,0.0094
1/12/2015,0.0091
2/12/2015,0.0094
3/12/2015,0.0096
4/12/2015,0.0096
7/12/2015,0.0094
8/12/2015,0.0094
9/12/2015,0.0093
10/12/2015,0.0095
11/12/2015,0.0088
14/12/2015,0.0097
15/12/2015,0.0098
16/12/2015,0.0102
17/12/2015,0.01
18/12/2015,0.0097
21/12/2015,0.0096
22/12/2015,0.0099
23/12/2015,0.0101
24/12/2015,0.0103
25/12/2015,0
28/12/2015,0.0105
29/12/2015,0.0109
30/12/2015,0.0108
31/12/2015,0.0106
1/01/2016,0
4/01/2016,0.0102
5/01/2016,0.0104
6/01/2016,0.0099
7/01/2016,0.0096
8/01/2016,0.0094
11/01/2016,0.0094
12/01/2016,0.0093
13/01/2016,0.0091
14/01/2016,0.009
15/01/2016,0.0085
18/01/2016,0
19/01/2016,0.0088
20/01/2016,0.0085
21/01/2016,0.0084
22/01/2016,0.0088
25/01/2016,0.0088
26/01/2016,0.0085
27/01/2016,0.0084
28/01/2016,0.0083
29/01/2016,0.0076
1/02/2016,0.0081
2/02/2016,0.0075
3/02/2016,0.0072
4/02/2016,0.007
5/02/2016,0.0074
8/02/2016,0.0066
9/02/2016,0.0069
10/02/2016,0.0071
11/02/2016,0.0064
12/02/2016,0.0071
15/02/2016,0
16/02/2016,0.0074
17/02/2016,0.0074
18/02/2016,0.0071
19/02/2016,0.0076
22/02/2016,0.0078
23/02/2016,0.0076
24/02/2016,0.0075
25/02/2016,0.0072
26/02/2016,0.008
29/02/2016,0.0078
1/03/2016,0.0085
2/03/2016,0.0085
3/03/2016,0.0085
4/03/2016,0.0088
7/03/2016,0.0091
8/03/2016,0.0088
9/03/2016,0.009
10/03/2016,0.0093
11/03/2016,0.0097
14/03/2016,0.0097
15/03/2016,0.0098
16/03/2016,0.0087
17/03/2016,0.0087
18/03/2016,0.0084
21/03/2016,0.0087
22/03/2016,0.0091
23/03/2016,0.0087
24/03/2016,0.0089
25/03/2016,0
28/03/2016,0.0089
29/03/2016,0.0078
30/03/2016,0.0076
31/03/2016,0.0073
1/04/2016,0.0076
4/04/2016,0.0075
5/04/2016,0.0072
6/04/2016,0.0073
7/04/2016,0.007
8/04/2016,0.007
11/04/2016,0.007
12/04/2016,0.0074
13/04/2016,0.0075
14/04/2016,0.0077
15/04/2016,0.0074
18/04/2016,0.0075
19/04/2016,0.0077
20/04/2016,0.008
21/04/2016,0.0082
22/04/2016,0.0084
25/04/2016,0.0085
26/04/2016,0.0086
27/04/2016,0.0083
28/04/2016,0.0078
29/04/2016,0.0077
2/05/2016,0.008
3/05/2016,0.0075
4/05/2016,0.0075
5/05/2016,0.0072
6/05/2016,0.0074
9/05/2016,0.0072
10/05/2016,0.0072
11/05/2016,0.0074
12/05/2016,0.0076
13/05/2016,0.0076
16/05/2016,0.0079
17/05/2016,0.0082
18/05/2016,0.009
19/05/2016,0.0089
20/05/2016,0.0089
23/05/2016,0.0091
24/05/2016,0.0092
25/05/2016,0.0092
26/05/2016,0.0087
27/05/2016,0.009
30/05/2016,0
31/05/2016,0.0087
1/06/2016,0.0091
2/06/2016,0.0089
3/06/2016,0.0078
6/06/2016,0.008
7/06/2016,0.0078
8/06/2016,0.0078
9/06/2016,0.0077
10/06/2016,0.0073
13/06/2016,0.0073
14/06/2016,0.0074
15/06/2016,0.0069
16/06/2016,0.007
17/06/2016,0.007
20/06/2016,0.0074
21/06/2016,0.0076
22/06/2016,0.0075
23/06/2016,0.0078
24/06/2016,0.0064
27/06/2016,0.0061
28/06/2016,0.0061
29/06/2016,0.0062
30/06/2016,0.0058
1/07/2016,0.0059
4/07/2016,0
5/07/2016,0.0056
6/07/2016,0.0058
7/07/2016,0.0058
8/07/2016,0.0061
11/07/2016,0.0066
12/07/2016,0.0069
13/07/2016,0.0068
14/07/2016,0.0068
15/07/2016,0.0071
18/07/2016,0.0068
19/07/2016,0.007
20/07/2016,0.0073
21/07/2016,0.007
22/07/2016,0.0071
25/07/2016,0.0072
26/07/2016,0.0075
27/07/2016,0.0073
28/07/2016,0.0072
29/07/2016,0.0067
1/08/2016,0.0067
2/08/2016,0.0067
3/08/2016,0.0067
4/08/2016,0.0064
5/08/2016,0.0072
8/08/2016,0.0074
9/08/2016,0.0071
10/08/2016,0.0069
11/08/2016,0.0076
12/08/2016,0.0071
15/08/2016,0.0072
16/08/2016,0.0076
17/08/2016,0.0074
18/08/2016,0.0071
19/08/2016,0.0076
22/08/2016,0.0076
23/08/2016,0.0074
24/08/2016,0.0076
25/08/2016,0.0078
26/08/2016,0.0084
29/08/2016,0.0081
30/08/2016,0.008
31/08/2016,0.008
1/09/2016,0.0078
2/09/2016,0.008
5/09/2016,0
6/09/2016,0.0074
7/09/2016,0.0074
8/09/2016,0.0078
9/09/2016,0.0079
12/09/2016,0.0079
13/09/2016,0.008
14/09/2016,0.0077
15/09/2016,0.0074
16/09/2016,0.0077
19/09/2016,0.0079
20/09/2016,0.0079
21/09/2016,0.0079
22/09/2016,0.0079
23/09/2016,0.0077
26/09/2016,0.0076
27/09/2016,0.0075
28/09/2016,0.0075
29/09/2016,0.0073
30/09/2016,0.0077
3/10/2016,0.008
4/10/2016,0.0082
5/10/2016,0.0085
6/10/2016,0.0086
7/10/2016,0.0083
10/10/2016,0
11/10/2016,0.0087
12/10/2016,0.0087
13/10/2016,0.0085
14/10/2016,0.0084
17/10/2016,0.0081
18/10/2016,0.0082
19/10/2016,0.0081
20/10/2016,0.0084
21/10/2016,0.0084
24/10/2016,0.0084
25/10/2016,0.0086
26/10/2016,0.0086
27/10/2016,0.0087
28/10/2016,0.0086
31/10/2016,0.0086
1/11/2016,0.0083
2/11/2016,0.0081
3/11/2016,0.0081
4/11/2016,0.008
7/11/2016,0.0082
8/11/2016,0.0087
9/11/2016,0.009
10/11/2016,0.0092
11/11/2016,0
14/11/2016,0.01
15/11/2016,0.0102
16/11/2016,0.01
17/11/2016,0.0104
18/11/2016,0.0107
21/11/2016,0.0108
22/11/2016,0.0107
23/11/2016,0.0112
24/11/2016,0
25/11/2016,0.0112
28/11/2016,0.0111
29/11/2016,0.0109
30/11/2016,0.0111
1/12/2016,0.0114
2/12/2016,0.0111
5/12/2016,0.0113
6/12/2016,0.0112
7/12/2016,0.011
8/12/2016,0.0112
9/12/2016,0.0115
12/12/2016,0.0115
13/12/2016,0.0117
14/12/2016,0.0127
15/12/2016,0.0129
16/12/2016,0.0128
19/12/2016,0.0124
20/12/2016,0.0125
21/12/2016,0.0121
22/12/2016,0.0122
23/12/2016,0.0122
26/12/2016,0
27/12/2016,0.0128
28/12/2016,0.0126
29/12/2016,0.0122
30/12/2016,0.012
2/01/2017,0
3/01/2017,0.0122
4/01/2017,0.0124
5/01/2017,0.0117
6/01/2017,0.0122
9/01/2017,0.0121
10/01/2017,0.0119
11/01/2017,0.012
12/01/2017,0.0118
13/01/2017,0.0121
16/01/2017,0
17/01/2017,0.0117
18/01/2017,0.0123
19/01/2017,0.0125
20/01/2017,0.012
23/01/2017,0.0116
24/01/2017,0.0121
25/01/2017,0.0123
26/01/2017,0.0121
27/01/2017,0.0122
30/01/2017,0.0122
31/01/2017,0.0119
1/02/2017,0.0122
2/02/2017,0.0121
3/02/2017,0.0121
6/02/2017,0.0116
7/02/2017,0.0116
8/02/2017,0.0115
9/02/2017,0.012
10/02/2017,0.012
13/02/2017,0.012
14/02/2017,0.0125
15/02/2017,0.0127
16/02/2017,0.0122
17/02/2017,0.0121
20/02/2017,0
21/02/2017,0.0122
22/02/2017,0.0122
23/02/2017,0.0118
24/02/2017,0.0112
27/02/2017,0.012
28/02/2017,0.0122
1/03/2017,0.0129
2/03/2017,0.0132
3/03/2017,0.0132
6/03/2017,0.0131
7/03/2017,0.0132
8/03/2017,0.0136
9/03/2017,0.0137
10/03/2017,0.0136
13/03/2017,0.014
14/03/2017,0.014
15/03/2017,0.0133
16/03/2017,0.0135
17/03/2017,0.0133
20/03/2017,0.013
21/03/2017,0.0127
22/03/2017,0.0127
23/03/2017,0.0126
24/03/2017,0.0126
27/03/2017,0.0127
28/03/2017,0.013
29/03/2017,0.0126
30/03/2017,0.0128
31/03/2017,0.0127
3/04/2017,0.0124
4/04/2017,0.0125
5/04/2017,0.0124
6/04/2017,0.0124
7/04/2017,0.0129
10/04/2017,0.0129
11/04/2017,0.0124
12/04/2017,0.0124
13/04/2017,0.0121
14/04/2017,0
17/04/2017,0.0121
18/04/2017,0.0118
19/04/2017,0.0119
20/04/2017,0.0121
21/04/2017,0.012
24/04/2017,0.0125
25/04/2017,0.0129
26/04/2017,0.0128
27/04/2017,0.0125
28/04/2017,0.0128
1/05/2017,0.0128
2/05/2017,0.0127
3/05/2017,0.013
4/05/2017,0.0132
5/05/2017,0.0132
8/05/2017,0.0133
9/05/2017,0.0137
10/05/2017,0.0135
11/05/2017,0.0135
12/05/2017,0.0129
15/05/2017,0.0131
16/05/2017,0.0129
17/05/2017,0.0126
18/05/2017,0.0127
19/05/2017,0.0128
22/05/2017,0.0129
23/05/2017,0.0131
24/05/2017,0.0129
25/05/2017,0.013
26/05/2017,0.013
29/05/2017,0
30/05/2017,0.0128
31/05/2017,0.0128
1/06/2017,0.0128
2/06/2017,0.0128
5/06/2017,0.0132
6/06/2017,0.013
7/06/2017,0.0132
8/06/2017,0.0133
9/06/2017,0.0135
12/06/2017,0.0135
13/06/2017,0.0138
14/06/2017,0.0135
15/06/2017,0.0135
16/06/2017,0.0132
19/06/2017,0.0136
20/06/2017,0.0136
21/06/2017,0.0136
22/06/2017,0.0134
23/06/2017,0.0134
26/06/2017,0.0136
27/06/2017,0.0138
28/06/2017,0.0134
29/06/2017,0.0138
30/06/2017,0.0138
3/07/2017,0.0141
4/07/2017,0
5/07/2017,0.0141
6/07/2017,0.014
7/07/2017,0.014
10/07/2017,0.014
11/07/2017,0.0137
12/07/2017,0.0135
13/07/2017,0.0137
14/07/2017,0.0135
17/07/2017,0.0136
18/07/2017,0.0136
19/07/2017,0.0137
20/07/2017,0.0137
21/07/2017,0.0136
24/07/2017,0.0137
25/07/2017,0.014
26/07/2017,0.0136
27/07/2017,0.0136
28/07/2017,0.0134
31/07/2017,0.0134
1/08/2017,0.0134
2/08/2017,0.0136
3/08/2017,0.0134
4/08/2017,0.0136
7/08/2017,0.0136
8/08/2017,0.0136
9/08/2017,0.0133
10/08/2017,0.0133
11/08/2017,0.013
14/08/2017,0.0133
15/08/2017,0.0135
16/08/2017,0.0133
17/08/2017,0.0132
18/08/2017,0.0133
21/08/2017,0.0132
22/08/2017,0.0133
23/08/2017,0.0132
24/08/2017,0.0133
25/08/2017,0.0135
28/08/2017,0.0133
29/08/2017,0.0133
30/08/2017,0.0133
31/08/2017,0.0133
1/09/2017,0.0135
4/09/2017,0
5/09/2017,0.013
6/09/2017,0.013
7/09/2017,0.0127
8/09/2017,0.0127
11/09/2017,0.0132
12/09/2017,0.0133
13/09/2017,0.0135
14/09/2017,0.0137
15/09/2017,0.0139
18/09/2017,0.014
19/09/2017,0.014
20/09/2017,0.0145
21/09/2017,0.0145
22/09/2017,0.0146
25/09/2017,0.0144
26/09/2017,0.0145
27/09/2017,0.0147
28/09/2017,0.0145
29/09/2017,0.0147
2/10/2017,0.0149
3/10/2017,0.0147
4/10/2017,0.0147
5/10/2017,0.0149
6/10/2017,0.0154
9/10/2017,0
10/10/2017,0.0151
11/10/2017,0.0151
12/10/2017,0.0151
13/10/2017,0.0151
16/10/2017,0.0154
17/10/2017,0.0154
18/10/2017,0.0159
19/10/2017,0.0158
20/10/2017,0.016
23/10/2017,0.0158
24/10/2017,0.016
25/10/2017,0.0161
26/10/2017,0.0163
27/10/2017,0.0159
30/10/2017,0.0158
31/10/2017,0.016
1/11/2017,0.0161
2/11/2017,0.0161
3/11/2017,0.0163
6/11/2017,0.0161
7/11/2017,0.0163
8/11/2017,0.0165
9/11/2017,0.0163
10/11/2017,0.0167
13/11/2017,0.017
14/11/2017,0.0168
15/11/2017,0.0168
16/11/2017,0.0172
17/11/2017,0.0173
20/11/2017,0.0177
21/11/2017,0.0177
22/11/2017,0.0174
23/11/2017,0
24/11/2017,0.0175
27/11/2017,0.0174
28/11/2017,0.0175
29/11/2017,0.0178
30/11/2017,0.0178
1/12/2017,0.0178
4/12/2017,0.018
5/12/2017,0.0183
6/12/2017,0.0178
7/12/2017,0.018
8/12/2017,0.018
11/12/2017,0.0182
12/12/2017,0.0183
13/12/2017,0.0179
14/12/2017,0.0182
15/12/2017,0.0184
18/12/2017,0.0184
19/12/2017,0.0187
20/12/2017,0.0187
21/12/2017,0.0189
22/12/2017,0.0191
25/12/2017,0
26/12/2017,0.0192
27/12/2017,0.0189
28/12/2017,0.0191
29/12/2017,0.0189
1/01/2018,0
2/01/2018,0.0192
3/01/2018,0.0194
4/01/2018,0.0196
5/01/2018,0.0196
8/01/2018,0.0196
9/01/2018,0.0198
10/01/2018,0.0198
11/01/2018,0.0198
12/01/2018,0.0199
15/01/2018,0
16/01/2018,0.0203
17/01/2018,0.0205
18/01/2018,0.0205
19/01/2018,0.0206
22/01/2018,0.0208
23/01/2018,0.0206
24/01/2018,0.0208
25/01/2018,0.0208
26/01/2018,0.0213
29/01/2018,0.0211
30/01/2018,0.0213
31/01/2018,0.0214
1/02/2018,0.0216
2/02/2018,0.0215
5/02/2018,0.0208
6/02/2018,0.021
7/02/2018,0.0215
8/02/2018,0.0213
9/02/2018,0.0205
12/02/2018,0.0209
13/02/2018,0.021
14/02/2018,0.0217
15/02/2018,0.0219
16/02/2018,0.0221
19/02/2018,0
20/02/2018,0.0225
21/02/2018,0.0226
22/02/2018,0.0225
23/02/2018,0.0225
26/02/2018,0.0222
27/02/2018,0.0227
28/02/2018,0.0225
1/03/2018,0.0222
2/03/2018,0.0225
5/03/2018,0.0224
6/03/2018,0.0225
7/03/2018,0.0225
8/03/2018,0.0225
9/03/2018,0.0227
12/03/2018,0.0227
13/03/2018,0.0226
14/03/2018,0.0226
15/03/2018,0.0229
16/03/2018,0.0231
19/03/2018,0.0231
20/03/2018,0.0234
21/03/2018,0.0231
22/03/2018,0.0229
23/03/2018,0.0228
26/03/2018,0.0233
27/03/2018,0.0226
28/03/2018,0.0228
29/03/2018,0.0227
30/03/2018,0
2/04/2018,0.0225
3/04/2018,0.0228
4/04/2018,0.0228
5/04/2018,0.023
6/04/2018,0.0227
9/04/2018,0.0229
10/04/2018,0.0232
11/04/2018,0.0232
12/04/2018,0.0234
13/04/2018,0.0237
16/04/2018,0.0239
17/04/2018,0.0241
18/04/2018,0.0242
19/04/2018,0.0244
20/04/2018,0.0246
23/04/2018,0.0249
24/04/2018,0.0248
25/04/2018,0.0249
26/04/2018,0.0249
27/04/2018,0.0249
30/04/2018,0.0249
1/05/2018,0.025
2/05/2018,0.0249
3/05/2018,0.0249
4/05/2018,0.0251
7/05/2018,0.0249
8/05/2018,0.0251
9/05/2018,0.0254
10/05/2018,0.0254
11/05/2018,0.0254
14/05/2018,0.0255
15/05/2018,0.0258
16/05/2018,0.0258
17/05/2018,0.0257
18/05/2018,0.0255
21/05/2018,0.0258
22/05/2018,0.0259
23/05/2018,0.0253
24/05/2018,0.025
25/05/2018,0.0248
28/05/2018,0
29/05/2018,0.0232
30/05/2018,0.0242
31/05/2018,0.024
1/06/2018,0.0247
4/06/2018,0.0252
5/06/2018,0.0249
6/06/2018,0.0252
7/06/2018,0.025
8/06/2018,0.025
11/06/2018,0.0252
12/06/2018,0.0254
13/06/2018,0.0259
14/06/2018,0.0259
15/06/2018,0.0255
18/06/2018,0.0256
19/06/2018,0.0254
20/06/2018,0.0256
21/06/2018,0.0256
22/06/2018,0.0256
25/06/2018,0.0254
26/06/2018,0.0253
27/06/2018,0.0252
28/06/2018,0.0252
29/06/2018,0.0252
2/07/2018,0.0257
3/07/2018,0.0253
4/07/2018,0
5/07/2018,0.0255
6/07/2018,0.0253
9/07/2018,0.0257
10/07/2018,0.0259
11/07/2018,0.0258
12/07/2018,0.026
13/07/2018,0.0259
16/07/2018,0.0259
17/07/2018,0.0262
18/07/2018,0.026
19/07/2018,0.026
20/07/2018,0.026
23/07/2018,0.0264
24/07/2018,0.0263
25/07/2018,0.0266
26/07/2018,0.0269
27/07/2018,0.0267
30/07/2018,0.0266
31/07/2018,0.0267
1/08/2018,0.0267
2/08/2018,0.0266
3/08/2018,0.0263
6/08/2018,0.0264
7/08/2018,0.0268
8/08/2018,0.0268
9/08/2018,0.0264
10/08/2018,0.0261
13/08/2018,0.0261
14/08/2018,0.0263
15/08/2018,0.0261
16/08/2018,0.0263
17/08/2018,0.0261
20/08/2018,0.026
21/08/2018,0.0261
22/08/2018,0.026
23/08/2018,0.0261
24/08/2018,0.0263
27/08/2018,0.0267
28/08/2018,0.0267
29/08/2018,0.0267
30/08/2018,0.0264
31/08/2018,0.0262
3/09/2018,0
4/09/2018,0.0266
5/09/2018,0.0266
6/09/2018,0.0264
7/09/2018,0.0271
10/09/2018,0.0273
11/09/2018,0.0276
12/09/2018,0.0274
13/09/2018,0.0276
14/09/2018,0.0278
17/09/2018,0.0278
18/09/2018,0.0281
19/09/2018,0.0281
20/09/2018,0.0281
21/09/2018,0.0281
24/09/2018,0.0283
25/09/2018,0.0283
26/09/2018,0.0283
27/09/2018,0.0283
28/09/2018,0.0281
1/10/2018,0.0282
2/10/2018,0.0282
3/10/2018,0.0285
4/10/2018,0.0287
5/10/2018,0.0288
8/10/2018,0
9/10/2018,0.0288
10/10/2018,0.0288
11/10/2018,0.0285
12/10/2018,0.0285
15/10/2018,0.0285
16/10/2018,0.0287
17/10/2018,0.0289
18/10/2018,0.0287
19/10/2018,0.0292
22/10/2018,0.0292
23/10/2018,0.0289
24/10/2018,0.0284
25/10/2018,0.0286
26/10/2018,0.0281
29/10/2018,0.0281
30/10/2018,0.0284
31/10/2018,0.0287
1/11/2018,0.0284
2/11/2018,0.0291
5/11/2018,0.0291
6/11/2018,0.0293
7/11/2018,0.0296
8/11/2018,0.0298
9/11/2018,0.0294
12/11/2018,0
13/11/2018,0.0289
14/11/2018,0.0286
15/11/2018,0.0286
16/11/2018,0.0281
19/11/2018,0.0279
20/11/2018,0.0279
21/11/2018,0.0281
22/11/2018,0
23/11/2018,0.0281
26/11/2018,0.0284
27/11/2018,0.0283
28/11/2018,0.0281
29/11/2018,0.0281
30/11/2018,0.028
3/12/2018,0.0283
4/12/2018,0.028
5/12/2018,0
6/12/2018,0.0275
7/12/2018,0.0272
10/12/2018,0.0272
11/12/2018,0.0278
12/12/2018,0.0277
13/12/2018,0.0275
14/12/2018,0.0273
17/12/2018,0.027
18/12/2018,0.0265
19/12/2018,0.0263
20/12/2018,0.0267
21/12/2018,0.0263
24/12/2018,0.0255
25/12/2018,0
26/12/2018,0.0261
27/12/2018,0.0256
28/12/2018,0.0252
31/12/2018,0.0248
1/01/2019,0
2/01/2019,0.025
3/01/2019,0.0239
4/01/2019,0.025
7/01/2019,0.0253
8/01/2019,0.0258
9/01/2019,0.0256
10/01/2019,0.0256
11/01/2019,0.0255
14/01/2019,0.0253
15/01/2019,0.0253
16/01/2019,0.0255
17/01/2019,0.0256
18/01/2019,0.0262
21/01/2019,0
22/01/2019,0.0258
23/01/2019,0.0258
24/01/2019,0.0256
25/01/2019,0.026
28/01/2019,0.026
29/01/2019,0.0256
30/01/2019,0.0252
31/01/2019,0.0245
1/02/2019,0.0252
4/02/2019,0.0253
5/02/2019,0.0253
6/02/2019,0.0252
7/02/2019,0.0248
8/02/2019,0.0245
11/02/2019,0.0248
12/02/2019,0.025
13/02/2019,0.0253
14/02/2019,0.025
15/02/2019,0.0252
18/02/2019,0
19/02/2019,0.025
20/02/2019,0.025
21/02/2019,0.0253
22/02/2019,0.0248
25/02/2019,0.0251
26/02/2019,0.0248
27/02/2019,0.025
28/02/2019,0.0252
1/03/2019,0.0255
4/03/2019,0.0255
5/03/2019,0.0255
6/03/2019,0.0252
7/03/2019,0.0247
8/03/2019,0.0245
11/03/2019,0.0247
12/03/2019,0.0245
13/03/2019,0.0245
14/03/2019,0.0246
15/03/2019,0.0243
18/03/2019,0.0245
19/03/2019,0.0246
20/03/2019,0.024
21/03/2019,0.0241
22/03/2019,0.0231
25/03/2019,0.0226
26/03/2019,0.0224
27/03/2019,0.0222
28/03/2019,0.0223
29/03/2019,0.0227
1/04/2019,0.0233
2/04/2019,0.023
3/04/2019,0.0233
4/04/2019,0.0233
5/04/2019,0.0235
8/04/2019,0.0236
9/04/2019,0.0235
10/04/2019,0.0231
11/04/2019,0.0235
12/04/2019,0.024
15/04/2019,0.024
16/04/2019,0.0241
17/04/2019,0.024
18/04/2019,0.0238
19/04/2019,0
22/04/2019,0.0238
23/04/2019,0.0236
24/04/2019,0.0232
25/04/2019,0.0233
26/04/2019,0.0228
29/04/2019,0.023
30/04/2019,0.0227
1/05/2019,0.0231
2/05/2019,0.0235
3/05/2019,0.0233
6/05/2019,0.0231
7/05/2019,0.0228
8/05/2019,0.023
9/05/2019,0.0226
10/05/2019,0.0226
13/05/2019,0.0218
14/05/2019,0.022
15/05/2019,0.0216
16/05/2019,0.022
17/05/2019,0.022
20/05/2019,0.0221
21/05/2019,0.0226
22/05/2019,0.0223
23/05/2019,0.0212
24/05/2019,0.0216
27/05/2019,0
28/05/2019,0.0212
29/05/2019,0.0209
30/05/2019,0.0206
31/05/2019,0.0195
3/06/2019,0.0182
4/06/2019,0.0188
5/06/2019,0.0183
6/06/2019,0.0188
7/06/2019,0.0185
10/06/2019,0.019
11/06/2019,0.0193
12/06/2019,0.0188
13/06/2019,0.0183
14/06/2019,0.0184
17/06/2019,0.0186
18/06/2019,0.0186
19/06/2019,0.0174
20/06/2019,0.0172
21/06/2019,0.0177
24/06/2019,0.0172
25/06/2019,0.0171
26/06/2019,0.0177
27/06/2019,0.0174
28/06/2019,0.0175
1/07/2019,0.0178
2/07/2019,0.0177
3/07/2019,0.0177
4/07/2019,0
5/07/2019,0.0187
8/07/2019,0.0188
9/07/2019,0.0192
10/07/2019,0.0182
11/07/2019,0.0185
12/07/2019,0.0184
15/07/2019,0.0183
16/07/2019,0.0187
17/07/2019,0.0183
18/07/2019,0.0177
19/07/2019,0.018
22/07/2019,0.018
23/07/2019,0.0183
24/07/2019,0.0183
25/07/2019,0.0186
26/07/2019,0.0186
29/07/2019,0.0185
30/07/2019,0.0185
31/07/2019,0.0189
1/08/2019,0.0173
2/08/2019,0.0172
5/08/2019,0.0159
6/08/2019,0.016
7/08/2019,0.0159
8/08/2019,0.0162
9/08/2019,0.0163
12/08/2019,0.0158
13/08/2019,0.0166
14/08/2019,0.0158
15/08/2019,0.0148
16/08/2019,0.0148
19/08/2019,0.0153
20/08/2019,0.015
21/08/2019,0.0156
22/08/2019,0.0161
23/08/2019,0.0151
26/08/2019,0.0154
27/08/2019,0.0153
28/08/2019,0.015
29/08/2019,0.0153
30/08/2019,0.015
2/09/2019,0
3/09/2019,0.0147
4/09/2019,0.0143
5/09/2019,0.0155
6/09/2019,0.0153
9/09/2019,0.0158
10/09/2019,0.0167
11/09/2019,0.0168
12/09/2019,0.0172
13/09/2019,0.0179
16/09/2019,0.0174
17/09/2019,0.0172
18/09/2019,0.0177
19/09/2019,0.0174
20/09/2019,0.0169
23/09/2019,0.0168
24/09/2019,0.016
25/09/2019,0.0168
26/09/2019,0.0166
27/09/2019,0.0163
30/09/2019,0.0163
1/10/2019,0.0156
2/10/2019,0.0148
3/10/2019,0.0139
4/10/2019,0.014
7/10/2019,0.0146
8/10/2019,0.0142
9/10/2019,0.0147
10/10/2019,0.0153
11/10/2019,0.0163
14/10/2019,0
15/10/2019,0.0161
16/10/2019,0.0158
17/10/2019,0.016
18/10/2019,0.0158
21/10/2019,0.0162
22/10/2019,0.016
23/10/2019,0.0158
24/10/2019,0.0158
25/10/2019,0.0163
28/10/2019,0.0164
29/10/2019,0.0164
30/10/2019,0.0161
31/10/2019,0.0152
1/11/2019,0.0156
4/11/2019,0.016
5/11/2019,0.0163
6/11/2019,0.0161
7/11/2019,0.0168
8/11/2019,0.0168
11/11/2019,0
12/11/2019,0.0166
13/11/2019,0.0163
14/11/2019,0.0158
15/11/2019,0.0161
18/11/2019,0.016
19/11/2019,0.016
20/11/2019,0.0156
21/11/2019,0.016
22/11/2019,0.0161
25/11/2019,0.0161
26/11/2019,0.0158
27/11/2019,0.0163
28/11/2019,0
29/11/2019,0.0161
2/12/2019,0.0161
3/12/2019,0.0153
4/12/2019,0.0158
5/12/2019,0.0158
6/12/2019,0.0161
9/12/2019,0.0163
10/12/2019,0.0165
11/12/2019,0.0161
12/12/2019,0.0166
13/12/2019,0.0161
16/12/2019,0.0165
17/12/2019,0.0163
18/12/2019,0.0163
19/12/2019,0.0162
20/12/2019,0.0163
23/12/2019,0.0164
24/12/2019,0.0162
25/12/2019,0
26/12/2019,0.0164
27/12/2019,0.0159
30/12/2019,0.0158
31/12/2019,0.0158
1/01/2020,0
2/01/2020,0.0158
3/01/2020,0.0153
6/01/2020,0.0154
7/01/2020,0.0154
8/01/2020,0.0158
9/01/2020,0.0158
10/01/2020,0.0156
13/01/2020,0.0158
14/01/2020,0.0158
15/01/2020,0.0156
16/01/2020,0.0158
17/01/2020,0.0158
20/01/2020,0
21/01/2020,0.0153
22/01/2020,0.0153
23/01/2020,0.0151
24/01/2020,0.0149
27/01/2020,0.0144
28/01/2020,0.0145
29/01/2020,0.0142
30/01/2020,0.0141
31/01/2020,0.0133
3/02/2020,0.0136
4/02/2020,0.0141
5/02/2020,0.0144
6/02/2020,0.0144
7/02/2020,0.0141
10/02/2020,0.0137
11/02/2020,0.0141
12/02/2020,0.0144
13/02/2020,0.0144
14/02/2020,0.0142
17/02/2020,0
18/02/2020,0.0141
19/02/2020,0.0142
20/02/2020,0.0139
21/02/2020,0.0134
24/02/2020,0.0126
25/02/2020,0.012
26/02/2020,0.0116
27/02/2020,0.0111
28/02/2020,0.0086
2/03/2020,0.0084
3/03/2020,0.0071
4/03/2020,0.0067
5/03/2020,0.0059
6/03/2020,0.0049
9/03/2020,0.0038
10/03/2020,0.005
11/03/2020,0.005
12/03/2020,0.005
13/03/2020,0.0049
16/03/2020,0.0036
17/03/2020,0.0047
18/03/2020,0.0054
19/03/2020,0.0044
20/03/2020,0.0037
23/03/2020,0.0028
24/03/2020,0.0038
25/03/2020,0.0034
26/03/2020,0.003
27/03/2020,0.0025
30/03/2020,0.0023
31/03/2020,0.0023
1/04/2020,0.0023
2/04/2020,0.0023
3/04/2020,0.0023
6/04/2020,0.0027
7/04/2020,0.0028
8/04/2020,0.0027
9/04/2020,0.0023
10/04/2020,0
13/04/2020,0.0025
14/04/2020,0.0023
15/04/2020,0.002
16/04/2020,0.002
17/04/2020,0.002
20/04/2020,0.002
21/04/2020,0.002
22/04/2020,0.0022
23/04/2020,0.0022
24/04/2020,0.0022
27/04/2020,0.0024
28/04/2020,0.002
29/04/2020,0.002
30/04/2020,0.002
1/05/2020,0.002
4/05/2020,0.0019
5/05/2020,0.0019
6/05/2020,0.0017
7/05/2020,0.0013
8/05/2020,0.0016
11/05/2020,0.0017
12/05/2020,0.0017
13/05/2020,0.0016
14/05/2020,0.0016
15/05/2020,0.0016
18/05/2020,0.0018
19/05/2020,0.0017
20/05/2020,0.0016
21/05/2020,0.0017
22/05/2020,0.0017
25/05/2020,0
26/05/2020,0.0018
27/05/2020,0.0019
28/05/2020,0.0017
29/05/2020,0.0016
1/06/2020,0.0014
2/06/2020,0.0017
3/06/2020,0.0019
4/06/2020,0.0019
5/06/2020,0.0022
8/06/2020,0.0022
9/06/2020,0.002
10/06/2020,0.0017
11/06/2020,0.0019
12/06/2020,0.0019
15/06/2020,0.0019
16/06/2020,0.0021
17/06/2020,0.0019
18/06/2020,0.0019
19/06/2020,0.0019
22/06/2020,0.0019
23/06/2020,0.0018
24/06/2020,0.0019
25/06/2020,0.0017
26/06/2020,0.0017
29/06/2020,0.0016
30/06/2020,0.0016
1/07/2020,0.0017
2/07/2020,0.0016
3/07/2020,0
6/07/2020,0.0016
7/07/2020,0.0016
8/07/2020,0.0016
9/07/2020,0.0016
10/07/2020,0.0016
13/07/2020,0.0016
14/07/2020,0.0014
15/07/2020,0.0016
16/07/2020,0.0016
17/07/2020,0.0014
20/07/2020,0.0016
21/07/2020,0.0014
22/07/2020,0.0014
23/07/2020,0.0016
24/07/2020,0.0014
27/07/2020,0.0015
28/07/2020,0.0014
29/07/2020,0.0012
30/07/2020,0.0011
31/07/2020,0.0011
3/08/2020,0.0011
4/08/2020,0.0011
5/08/2020,0.0011
6/08/2020,0.0011
7/08/2020,0.0013
10/08/2020,0.0014
11/08/2020,0.0016
12/08/2020,0.0016
13/08/2020,0.0016
14/08/2020,0.0014
17/08/2020,0.0014
18/08/2020,0.0014
19/08/2020,0.0014
20/08/2020,0.0013
21/08/2020,0.0016
24/08/2020,0.0014
25/08/2020,0.0015
26/08/2020,0.0016
27/08/2020,0.0016
28/08/2020,0.0014
31/08/2020,0.0014
1/09/2020,0.0013
2/09/2020,0.0014
3/09/2020,0.0013
4/09/2020,0.0014
7/09/2020,0
8/09/2020,0.0014
9/09/2020,0.0014
10/09/2020,0.0014
11/09/2020,0.0013
14/09/2020,0.0014
15/09/2020,0.0014
16/09/2020,0.0014
17/09/2020,0.0013
18/09/2020,0.0014
21/09/2020,0.0014
22/09/2020,0.0013
23/09/2020,0.0014
24/09/2020,0.0014
25/09/2020,0.0012
28/09/2020,0.0014
29/09/2020,0.0011
30/09/2020,0.0013
1/10/2020,0.0014
2/10/2020,0.0013
5/10/2020,0.0014
6/10/2020,0.0014
7/10/2020,0.0016
8/10/2020,0.0013
9/10/2020,0.0016
12/10/2020,0
13/10/2020,0.0016
14/10/2020,0.0014
15/10/2020,0.0014
16/10/2020,0.0014
19/10/2020,0.0016
20/10/2020,0.0014
21/10/2020,0.0014
22/10/2020,0.0016
23/10/2020,0.0018
26/10/2020,0.0016
27/10/2020,0.0016
28/10/2020,0.0016
29/10/2020,0.0016
30/10/2020,0.0014
2/11/2020,0.0016
3/11/2020,0.0017
4/11/2020,0.0014
5/11/2020,0.0014
6/11/2020,0.0016
9/11/2020,0.0017
10/11/2020,0.0019
11/11/2020,0
12/11/2020,0.0017
13/11/2020,0.0017
16/11/2020,0.0019
17/11/2020,0.0018
18/11/2020,0.0016
19/11/2020,0.0018
20/11/2020,0.0016
23/11/2020,0.0016
24/11/2020,0.0016
25/11/2020,0.0017
26/11/2020,0
27/11/2020,0.0016
30/11/2020,0.0016
1/12/2020,0.0017
2/12/2020,0.0016
3/12/2020,0.0016
4/12/2020,0.0016
7/12/2020,0.0014
8/12/2020,0.0014
9/12/2020,0.0016
10/12/2020,0.0014
11/12/2020,0.0011
14/12/2020,0.0013
15/12/2020,0.0011
16/12/2020,0.0013
17/12/2020,0.0013
18/12/2020,0.0013
21/12/2020,0.0013
22/12/2020,0.0013
23/12/2020,0.0013
24/12/2020,0.0013
25/12/2020,0
28/12/2020,0.0013
29/12/2020,0.0012
30/12/2020,0.0012
31/12/2020,0.0013
1/01/2021,0
4/01/2021,0.0011
5/01/2021,0.0013
6/01/2021,0.0014
7/01/2021,0.0014
8/01/2021,0.0014
11/01/2021,0.0014
12/01/2021,0.0014
13/01/2021,0.0014
14/01/2021,0.0016
15/01/2021,0.0013
18/01/2021,0
19/01/2021,0.0014
20/01/2021,0.0013
21/01/2021,0.0013
22/01/2021,0.0013
25/01/2021,0.0013
26/01/2021,0.0011
27/01/2021,0.0012
28/01/2021,0.0012
29/01/2021,0.0011
1/02/2021,0.0011
2/02/2021,0.0011
3/02/2021,0.0011
4/02/2021,0.0011
5/02/2021,0.0009
8/02/2021,0.0011
9/02/2021,0.0011
10/02/2021,0.0011
11/02/2021,0.0011
12/02/2021,0.0011
15/02/2021,0
16/02/2021,0.0013
17/02/2021,0.0011
18/02/2021,0.0011
19/02/2021,0.0011
22/02/2021,0.0011
23/02/2021,0.0011
24/02/2021,0.0012
25/02/2021,0.0017
26/02/2021,0.0014
1/03/2021,0.0013
2/03/2021,0.0013
3/03/2021,0.0014
4/03/2021,0.0014
5/03/2021,0.0014
8/03/2021,0.0017
9/03/2021,0.0017
10/03/2021,0.0016
11/03/2021,0.0014
12/03/2021,0.0014
15/03/2021,0.0014
16/03/2021,0.0015
17/03/2021,0.0013
18/03/2021,0.0016
19/03/2021,0.0016
22/03/2021,0.0015
23/03/2021,0.0015
24/03/2021,0.0014
25/03/2021,0.0014
26/03/2021,0.0014
29/03/2021,0.0014
30/03/2021,0.0016
31/03/2021,0.0016
1/04/2021,0.0017
2/04/2021,0.0019
5/04/2021,0.0017
6/04/2021,0.0016
7/04/2021,0.0016
8/04/2021,0.0014
9/04/2021,0.0016
12/04/2021,0.0018
13/04/2021,0.0016
14/04/2021,0.0016
15/04/2021,0.0016
16/04/2021,0.0016
19/04/2021,0.0016
20/04/2021,0.0015
21/04/2021,0.0015
22/04/2021,0.0016
23/04/2021,0.0016
26/04/2021,0.0018
27/04/2021,0.0017
28/04/2021,0.0017
29/04/2021,0.0016
30/04/2021,0.0016
3/05/2021,0.0016
4/05/2021,0.0016
5/05/2021,0.0016
6/05/2021,0.0016
7/05/2021,0.0014
10/05/2021,0.0016
11/05/2021,0.0016
12/05/2021,0.0016
13/05/2021,0.0016
14/05/2021,0.0016
17/05/2021,0.0016
18/05/2021,0.0016
19/05/2021,0.0016
20/05/2021,0.0015
21/05/2021,0.0017
24/05/2021,0.0015
25/05/2021,0.0015
26/05/2021,0.0014
27/05/2021,0.0014
28/05/2021,0.0014
31/05/2021,0
1/06/2021,0.0016
2/06/2021,0.0013
3/06/2021,0.0016
4/06/2021,0.0014
7/06/2021,0.0016
8/06/2021,0.0014
9/06/2021,0.0016
10/06/2021,0.0014
11/06/2021,0.0016
14/06/2021,0.0016
15/06/2021,0.0016
16/06/2021,0.0021
17/06/2021,0.0023
18/06/2021,0.0026
21/06/2021,0.0027
22/06/2021,0.0025
23/06/2021,0.0026
24/06/2021,0.0026
25/06/2021,0.0028
28/06/2021,0.0025
29/06/2021,0.0027
30/06/2021,0.0025
1/07/2021,0.0025
2/07/2021,0.0024
5/07/2021,0
6/07/2021,0.0022
7/07/2021,0.0022
8/07/2021,0.0019
9/07/2021,0.0023
12/07/2021,0.0023
13/07/2021,0.0026
14/07/2021,0.0023
15/07/2021,0.0023
16/07/2021,0.0025
19/07/2021,0.0021
20/07/2021,0.002
21/07/2021,0.0022
22/07/2021,0.002
23/07/2021,0.0022
26/07/2021,0.0022
27/07/2021,0.002
28/07/2021,0.002
29/07/2021,0.002
30/07/2021,0.0019
2/08/2021,0.0017
3/08/2021,0.0017
4/08/2021,0.0017
5/08/2021,0.0021
6/08/2021,0.0021
9/08/2021,0.0023
10/08/2021,0.0024
11/08/2021,0.0023
12/08/2021,0.0023
13/08/2021,0.0023
16/08/2021,0.0021
17/08/2021,0.0023
18/08/2021,0.0023
19/08/2021,0.0022
20/08/2021,0.0023
23/08/2021,0.0023
24/08/2021,0.0024
25/08/2021,0.0023
26/08/2021,0.0025
27/08/2021,0.0022
30/08/2021,0.002
31/08/2021,0.002
1/09/2021,0.002
2/09/2021,0.002
3/09/2021,0.0021
6/09/2021,0
7/09/2021,0.0022
8/09/2021,0.0022
9/09/2021,0.0023
10/09/2021,0.0023
13/09/2021,0.0021
14/09/2021,0.0021
15/09/2021,0.0021
16/09/2021,0.0023
17/09/2021,0.0023
20/09/2021,0.0023
21/09/2021,0.0022
22/09/2021,0.0025
23/09/2021,0.0027
24/09/2021,0.0029
27/09/2021,0.0031
28/09/2021,0.0031
29/09/2021,0.003
30/09/2021,0.0028
1/10/2021,0.0027
4/10/2021,0.0027
5/10/2021,0.0028
6/10/2021,0.003
7/10/2021,0.0032
8/10/2021,0.0032
11/10/2021,0
12/10/2021,0.0035
13/10/2021,0.0037
14/10/2021,0.0036
15/10/2021,0.0041
18/10/2021,0.0044
19/10/2021,0.0041
20/10/2021,0.004
21/10/2021,0.0045
22/10/2021,0.0048
25/10/2021,0.0047
26/10/2021,0.0047
27/10/2021,0.005
28/10/2021,0.005
29/10/2021,0.0048
1/11/2021,0.005
2/11/2021,0.0046
3/11/2021,0.0047
4/11/2021,0.0041
5/11/2021,0.0039
8/11/2021,0.0045
9/11/2021,0.0041
10/11/2021,0.0051
11/11/2021,0
12/11/2021,0.0053
15/11/2021,0.0053
16/11/2021,0.0054
17/11/2021,0.0052
18/11/2021,0.0052
19/11/2021,0.0052
22/11/2021,0.0063
23/11/2021,0.006
24/11/2021,0.0064
25/11/2021,0
26/11/2021,0.005
29/11/2021,0.0051
30/11/2021,0.0052
1/12/2021,0.0056
2/12/2021,0.0063
3/12/2021,0.006
6/12/2021,0.0065
7/12/2021,0.007
8/12/2021,0.0068
9/12/2021,0.007
10/12/2021,0.0067
13/12/2021,0.0066
14/12/2021,0.0067
15/12/2021,0.0069
16/12/2021,0.0064
17/12/2021,0.0066
20/12/2021,0.0065
21/12/2021,0.007
22/12/2021,0.0068
23/12/2021,0.0071
24/12/2021,0
27/12/2021,0.0076
28/12/2021,0.0074
29/12/2021,0.0075
30/12/2021,0.0073
31/12/2021,0.0073
3/01/2022,0.0078
4/01/2022,0.0077
5/01/2022,0.0083
6/01/2022,0.0088
7/01/2022,0.0087
10/01/2022,0.0092
11/01/2022,0.009
12/01/2022,0.0092
13/01/2022,0.0091
14/01/2022,0.0099
17/01/2022,0
18/01/2022,0.0106
19/01/2022,0.0104
20/01/2022,0.0108
21/01/2022,0.0101
24/01/2022,0.0099
25/01/2022,0.0102
26/01/2022,0.0113
27/01/2022,0.0118
28/01/2022,0.0115
31/01/2022,0.0118
1/02/2022,0.0118
2/02/2022,0.0116
3/02/2022,0.0119
4/02/2022,0.0131
7/02/2022,0.013
8/02/2022,0.0135
9/02/2022,0.0136
10/02/2022,0.0161
11/02/2022,0.015
14/02/2022,0.0158
15/02/2022,0.0158
16/02/2022,0.0152
17/02/2022,0.0149
18/02/2022,0.0147
21/02/2022,0
22/02/2022,0.0156
23/02/2022,0.0158
24/02/2022,0.0154
25/02/2022,0.0155
28/02/2022,0.0144
1/03/2022,0.0131
2/03/2022,0.015
3/03/2022,0.0153
4/03/2022,0.015
7/03/2022,0.0155
8/03/2022,0.0163
9/03/2022,0.0168
10/03/2022,0.0172
11/03/2022,0.0175
14/03/2022,0.0187
15/03/2022,0.0185
16/03/2022,0.0195
17/03/2022,0.0194
18/03/2022,0.0197
21/03/2022,0.0214
22/03/2022,0.0218
23/03/2022,0.0213
24/03/2022,0.0213
25/03/2022,0.023
28/03/2022,0.0235
29/03/2022,0.0235
30/03/2022,0.0231
31/03/2022,0.0228
1/04/2022,0.0244
4/04/2022,0.0243
5/04/2022,0.0251
6/04/2022,0.025
7/04/2022,0.0247
8/04/2022,0.0253
11/04/2022,0.025
12/04/2022,0.0239
13/04/2022,0.0237
14/04/2022,0.0247
15/04/2022,0
18/04/2022,0.0246
19/04/2022,0.0261
20/04/2022,0.026
21/04/2022,0.0268
22/04/2022,0.0272
25/04/2022,0.0263
26/04/2022,0.0254
27/04/2022,0.0258
28/04/2022,0.0263
29/04/2022,0.027
2/05/2022,0.0273
3/05/2022,0.0278
4/05/2022,0.0266
5/05/2022,0.0271
6/05/2022,0.0272
9/05/2022,0.0261
10/05/2022,0.0262
11/05/2022,0.0266
12/05/2022,0.0256
13/05/2022,0.0261
16/05/2022,0.0258
17/05/2022,0.0271
18/05/2022,0.0268
19/05/2022,0.0263
20/05/2022,0.026
23/05/2022,0.0265
24/05/2022,0.025
25/05/2022,0.0248
26/05/2022,0.0246
27/05/2022,0.0247
30/05/2022,0
31/05/2022,0.0253
1/06/2022,0.0266
2/06/2022,0.0265
3/06/2022,0.0266
6/06/2022,0.0273
7/06/2022,0.0275
8/06/2022,0.0278
9/06/2022,0.0283
10/06/2022,0.0306
13/06/2022,0.034
14/06/2022,0.0345
15/06/2022,0.032
16/06/2022,0.0314
17/06/2022,0.0317
20/06/2022,0
21/06/2022,0.0321
22/06/2022,0.0306
23/06/2022,0.0301
24/06/2022,0.0304
27/06/2022,0.0308
28/06/2022,0.031
29/06/2022,0.0306
30/06/2022,0.0292
1/07/2022,0.0284
4/07/2022,0
5/07/2022,0.0282
6/07/2022,0.0297
7/07/2022,0.0303
8/07/2022,0.0312
11/07/2022,0.0307
12/07/2022,0.0303
13/07/2022,0.0313
14/07/2022,0.0315
15/07/2022,0.0313
18/07/2022,0.0315
19/07/2022,0.0323
20/07/2022,0.0325
21/07/2022,0.031
22/07/2022,0.0298
25/07/2022,0.03
26/07/2022,0.0302
27/07/2022,0.0296
28/07/2022,0.0285
29/07/2022,0.0289
1/08/2022,0.029
2/08/2022,0.0306
3/08/2022,0.031
4/08/2022,0.0303
5/08/2022,0.0324
8/08/2022,0.0321
9/08/2022,0.0328
10/08/2022,0.0323
11/08/2022,0.0323
12/08/2022,0.0325
15/08/2022,0.032
16/08/2022,0.0325
17/08/2022,0.0328
18/08/2022,0.0322
19/08/2022,0.0325
22/08/2022,0.0332
23/08/2022,0.0329
24/08/2022,0.0336
25/08/2022,0.0335
26/08/2022,0.0337
29/08/2022,0.0342
30/08/2022,0.0346
31/08/2022,0.0345
1/09/2022,0.0351
2/09/2022,0.034
5/09/2022,0
6/09/2022,0.035
7/09/2022,0.0345
8/09/2022,0.0348
9/09/2022,0.0356
12/09/2022,0.0358
13/09/2022,0.0375
14/09/2022,0.0378
15/09/2022,0.0387
16/09/2022,0.0385
19/09/2022,0.0395
20/09/2022,0.0396
21/09/2022,0.0402
22/09/2022,0.0411
23/09/2022,0.042
26/09/2022,0.0427
27/09/2022,0.043
28/09/2022,0.0407
29/09/2022,0.0416
30/09/2022,0.0422
3/10/2022,0.0412
4/10/2022,0.041
5/10/2022,0.0415
6/10/2022,0.0423
7/10/2022,0.043
10/10/2022,0
11/10/2022,0.043
12/10/2022,0.0428
13/10/2022,0.0447
14/10/2022,0.0448
17/10/2022,0.0445
18/10/2022,0.0443
19/10/2022,0.0455
20/10/2022,0.0462
21/10/2022,0.0449
24/10/2022,0.045
25/10/2022,0.0442
26/10/2022,0.0439
27/10/2022,0.043
28/10/2022,0.0441
31/10/2022,0.0451
1/11/2022,0.0454
2/11/2022,0.0461
3/11/2022,0.0471
4/11/2022,0.0466
7/11/2022,0.0472
8/11/2022,0.0467
9/11/2022,0.0461
10/11/2022,0.0434
11/11/2022,0
14/11/2022,0.044
15/11/2022,0.0437
16/11/2022,0.0435
17/11/2022,0.0443
18/11/2022,0.0451
21/11/2022,0.0448
22/11/2022,0.0447
23/11/2022,0.0446
24/11/2022,0
25/11/2022,0.0442
28/11/2022,0.0446
29/11/2022,0.0448
30/11/2022,0.0438
1/12/2022,0.0425
2/12/2022,0.0428
5/12/2022,0.0441
6/12/2022,0.0434
7/12/2022,0.0426
8/12/2022,0.0431
9/12/2022,0.0433
12/12/2022,0.0439
13/12/2022,0.0422
14/12/2022,0.0423
15/12/2022,0.0423
16/12/2022,0.0417
19/12/2022,0.0425
20/12/2022,0.0425
21/12/2022,0.0421
22/12/2022,0.0424
23/12/2022,0.0431
26/12/2022,0
27/12/2022,0.0432
28/12/2022,0.0431
29/12/2022,0.0434
30/12/2022,0.0441
2/01/2023,0
3/01/2023,0.044
4/01/2023,0.0436
5/01/2023,0.0445
6/01/2023,0.0424
9/01/2023,0.0419
10/01/2023,0.0424
11/01/2023,0.042
12/01/2023,0.0412
13/01/2023,0.0422
16/01/2023,0
17/01/2023,0.0418
18/01/2023,0.0406
19/01/2023,0.0409
20/01/2023,0.0414
23/01/2023,0.0421
24/01/2023,0.0412
25/01/2023,0.0411
26/01/2023,0.0417
27/01/2023,0.0419
30/01/2023,0.0425
31/01/2023,0.0421
1/02/2023,0.0409
2/02/2023,0.0409
3/02/2023,0.043
6/02/2023,0.0444
7/02/2023,0.0447
8/02/2023,0.0445
9/02/2023,0.0448
10/02/2023,0.045
13/02/2023,0.0452
14/02/2023,0.046
15/02/2023,0.0462
16/02/2023,0.0462
17/02/2023,0.046
20/02/2023,0
21/02/2023,0.0467
22/02/2023,0.0466
23/02/2023,0.0466
24/02/2023,0.0478
27/02/2023,0.0478
28/02/2023,0.0481
1/03/2023,0.0489
2/03/2023,0.0489
3/03/2023,0.0486
6/03/2023,0.0489
7/03/2023,0.05
8/03/2023,0.0505
9/03/2023,0.049
10/03/2023,0.046
13/03/2023,0.0403
14/03/2023,0.042
15/03/2023,0.0393
16/03/2023,0.0414
17/03/2023,0.0381
20/03/2023,0.0392
21/03/2023,0.0417
22/03/2023,0.0396
23/03/2023,0.0376
24/03/2023,0.0376
27/03/2023,0.0394
28/03/2023,0.0402
29/03/2023,0.0408
30/03/2023,0.041
31/03/2023,0.0406
3/04/2023,0.0397
4/04/2023,0.0384
5/04/2023,0.0379
6/04/2023,0.0382
7/04/2023,0.0397
10/04/2023,0.04
11/04/2023,0.0403
12/04/2023,0.0395
13/04/2023,0.0396
14/04/2023,0.0408
17/04/2023,0.0418
18/04/2023,0.0419
19/04/2023,0.0424
20/04/2023,0.0414
21/04/2023,0.0417
24/04/2023,0.0412
25/04/2023,0.0386
26/04/2023,0.039
27/04/2023,0.0407
28/04/2023,0.0404
1/05/2023,0.0414
2/05/2023,0.0397
3/05/2023,0.0389
4/05/2023,0.0375
5/05/2023,0.0392
8/05/2023,0.04
9/05/2023,0.0401
10/05/2023,0.039
11/05/2023,0.0389
12/05/2023,0.0398
15/05/2023,0.0399
16/05/2023,0.0406
17/05/2023,0.0412
18/05/2023,0.0424
19/05/2023,0.0428
22/05/2023,0.0429
23/05/2023,0.0426
24/05/2023,0.0431
25/05/2023,0.045
26/05/2023,0.0454
29/05/2023,0
30/05/2023,0.0446
31/05/2023,0.044
1/06/2023,0.0433
2/06/2023,0.045
5/06/2023,0.0446
6/06/2023,0.0451
7/06/2023,0.0456
8/06/2023,0.0452
9/06/2023,0.0459
12/06/2023,0.0455
13/06/2023,0.0467
14/06/2023,0.0474
15/06/2023,0.0462
16/06/2023,0.047
19/06/2023,0
20/06/2023,0.0468
21/06/2023,0.0468
22/06/2023,0.0477
23/06/2023,0.0471
26/06/2023,0.0465
27/06/2023,0.0474
28/06/2023,0.0471
29/06/2023,0.0487
30/06/2023,0.0487
3/07/2023,0.0494
4/07/2023,0
5/07/2023,0.0494
6/07/2023,0.0499
7/07/2023,0.0494
10/07/2023,0.0485
11/07/2023,0.0488
12/07/2023,0.0472
13/07/2023,0.0459
14/07/2023,0.0474
17/07/2023,0.0474
18/07/2023,0.0474
19/07/2023,0.0474
20/07/2023,0.048
21/07/2023,0.0482
24/07/2023,0.0481
25/07/2023,0.0485
26/07/2023,0.0482
27/07/2023,0.0491
28/07/2023,0.0487
31/07/2023,0.0488
1/08/2023,0.0492
2/08/2023,0.0488
3/08/2023,0.049
4/08/2023,0.0478
7/08/2023,0.0476
8/08/2023,0.0474
9/08/2023,0.0479
10/08/2023,0.0482
11/08/2023,0.0489
14/08/2023,0.0496
15/08/2023,0.0492
16/08/2023,0.0497
17/08/2023,0.0494
18/08/2023,0.0492
21/08/2023,0.0497
22/08/2023,0.0502
23/08/2023,0.0495
24/08/2023,0.0498
25/08/2023,0.0503
28/08/2023,0.0498
29/08/2023,0.0487
30/08/2023,0.049
31/08/2023,0.0485
1/09/2023,0.0487
4/09/2023,0
5/09/2023,0.0494
6/09/2023,0.0501
7/09/2023,0.0494
8/09/2023,0.0498
11/09/2023,0.0497
12/09/2023,0.0498
13/09/2023,0.0496
14/09/2023,0.05
15/09/2023,0.0502
18/09/2023,0.0505
19/09/2023,0.0508
20/09/2023,0.0512
21/09/2023,0.0512
22/09/2023,0.051
25/09/2023,0.0509
26/09/2023,0.0504
27/09/2023,0.051
28/09/2023,0.0504
29/09/2023,0.0503
2/10/2023,0.0512
3/10/2023,0.0515
4/10/2023,0.0505
5/10/2023,0.0503
6/10/2023,0.0508
9/10/2023,0
10/10/2023,0.0496
11/10/2023,0.0499
12/10/2023,0.0506
13/10/2023,0.0504
16/10/2023,0.0509
17/10/2023,0.0519
18/10/2023,0.0519
19/10/2023,0.0514
20/10/2023,0.0507
23/10/2023,0.0505
24/10/2023,0.0502
25/10/2023,0.0508
26/10/2023,0.0502
27/10/2023,0.0499
30/10/2023,0.0503
31/10/2023,0.0507
1/11/2023,0.0495
2/11/2023,0.0498
3/11/2023,0.0483
6/11/2023,0.0493
7/11/2023,0.0491
8/11/2023,0.0493
9/11/2023,0.0503
10/11/2023,0.0504
13/11/2023,0.0502
14/11/2023,0.048
15/11/2023,0.049
16/11/2023,0.0483
17/11/2023,0.0488
20/11/2023,0.0489
21/11/2023,0.0486
22/11/2023,0.0489
23/11/2023,0
24/11/2023,0.0492
27/11/2023,0.0484
28/11/2023,0.0473
29/11/2023,0.0464
30/11/2023,0.0473
1/12/2023,0.0456
4/12/2023,0.0464
5/12/2023,0.0457
6/12/2023,0.046
7/12/2023,0.0458
8/12/2023,0.0471
11/12/2023,0.0471
12/12/2023,0.0473
13/12/2023,0.0446
14/12/2023,0.0437
15/12/2023,0.0444
18/12/2023,0.0443
19/12/2023,0.0441
20/12/2023,0.0434
21/12/2023,0.0433
22/12/2023,0.0431
25/12/2023,0
26/12/2023,0.0426
27/12/2023,0.042
28/12/2023,0.0426
29/12/2023,0.0423
1/01/2024,0
2/01/2024,0.0433
3/01/2024,0.0433
4/01/2024,0.0438
5/01/2024,0.044
8/01/2024,0.0436
9/01/2024,0.0436
10/01/2024,0.0437
11/01/2024,0.0426
12/01/2024,0.0414
15/01/2024,0
16/01/2024,0.0422
17/01/2024,0.0434
18/01/2024,0.0434
19/01/2024,0.0439
22/01/2024,0.0437
23/01/2024,0.0431
24/01/2024,0.0434
25/01/2024,0.0428
26/01/2024,0.0434
29/01/2024,0.0429
30/01/2024,0.0436
31/01/2024,0.0427
1/02/2024,0.042
2/02/2024,0.0436
5/02/2024,0.0446
6/02/2024,0.0439
7/02/2024,0.0441
8/02/2024,0.0446
9/02/2024,0.0448
12/02/2024,0.0446
13/02/2024,0.0464
14/02/2024,0.0456
15/02/2024,0.0456
16/02/2024,0.0464
19/02/2024,0
20/02/2024,0.0459
21/02/2024,0.0464
22/02/2024,0.0469
23/02/2024,0.0467
26/02/2024,0.0469
27/02/2024,0.047
28/02/2024,0.0464
29/02/2024,0.0464
1/03/2024,0.0454
4/03/2024,0.0461
5/03/2024,0.0454
6/03/2024,0.0455
7/03/2024,0.045
8/03/2024,0.0448
11/03/2024,0.0451
12/03/2024,0.0458
13/03/2024,0.0461
14/03/2024,0.0468
15/03/2024,0.0472
18/03/2024,0.0473
19/03/2024,0.0468
20/03/2024,0.0459
21/03/2024,0.0462
22/03/2024,0.0459
25/03/2024,0.0454
26/03/2024,0.0456
27/03/2024,0.0454
28/03/2024,0.0459
29/03/2024,0
1/04/2024,0.0472
2/04/2024,0.047
3/04/2024,0.0468
4/04/2024,0.0465
5/04/2024,0.0473
8/04/2024,0.0478
9/04/2024,0.0474
10/04/2024,0.0497
11/04/2024,0.0493
12/04/2024,0.0488
15/04/2024,0.0493
16/04/2024,0.0497
17/04/2024,0.0493
18/04/2024,0.0498
19/04/2024,0.0497
22/04/2024,0.0497
23/04/2024,0.0486
24/04/2024,0.0489
25/04/2024,0.0496
26/04/2024,0.0496
29/04/2024,0.0497
30/04/2024,0.0504
1/05/2024,0.0496
2/05/2024,0.0487
3/05/2024,0.0481
6/05/2024,0.0482
7/05/2024,0.0482
8/05/2024,0.0484
9/05/2024,0.048
10/05/2024,0.0487
13/05/2024,0.0485
14/05/2024,0.0481
15/05/2024,0.0473
16/05/2024,0.0478
17/05/2024,0.0483
20/05/2024,0.0482
21/05/2024,0.0482
22/05/2024,0.0486
23/05/2024,0.0491
24/05/2024,0.0493
27/05/2024,0
28/05/2024,0.0494
29/05/2024,0.0496
30/05/2024,0.0492
31/05/2024,0.0489
3/06/2024,0.0482
4/06/2024,0.0477
5/06/2024,0.0472
6/06/2024,0.0472
7/06/2024,0.0487
10/06/2024,0.0487
11/06/2024,0.0481
12/06/2024,0.0475
13/06/2024,0.0468
14/06/2024,0.0467
17/06/2024,0.0475
18/06/2024,0.0469
19/06/2024,0
20/06/2024,0.047
21/06/2024,0.047
24/06/2024,0.0471
25/06/2024,0.0465
26/06/2024,0.0471
27/06/2024,0.047
28/06/2024,0.0471
1/07/2024,0.0477
2/07/2024,0.0474
3/07/2024,0.0471
4/07/2024,0
5/07/2024,0.046
8/07/2024,0.0462
9/07/2024,0.0462
10/07/2024,0.0462
11/07/2024,0.045
12/07/2024,0.0445
15/07/2024,0.0444
16/07/2024,0.0443
17/07/2024,0.0442
18/07/2024,0.0446
19/07/2024,0.0449
22/07/2024,0.045
23/07/2024,0.044
24/07/2024,0.0437
25/07/2024,0.0441
26/07/2024,0.0436
29/07/2024,0.0436
30/07/2024,0.0435
31/07/2024,0.0429
1/08/2024,0.0416
2/08/2024,0.0388
5/08/2024,0.0389
6/08/2024,0.0399
7/08/2024,0.04
8/08/2024,0.0404
9/08/2024,0.0405
12/08/2024,0.0401
13/08/2024,0.0393
14/08/2024,0.0394
15/08/2024,0.0408
16/08/2024,0.0406
19/08/2024,0.0406
20/08/2024,0.0399
21/08/2024,0.0392
22/08/2024,0.0399
23/08/2024,0.039
26/08/2024,0.0391
27/08/2024,0.0383
28/08/2024,0.0383
29/08/2024,0.0387
30/08/2024,0.0391
2/09/2024,0
3/09/2024,0.0388
4/09/2024,0.0376
5/09/2024,0.0375
6/09/2024,0.0366
9/09/2024,0.0368
10/09/2024,0.0359
11/09/2024,0.0362
12/09/2024,0.0364
13/09/2024,0.0357
16/09/2024,0.0356
17/09/2024,0.0359
18/09/2024,0.0361
19/09/2024,0.0359
20/09/2024,0.0355
23/09/2024,0.0357
24/09/2024,0.0349
25/09/2024,0.0353
26/09/2024,0.036
27/09/2024,0.0355
30/09/2024,0.0366
1/10/2024,0.0361
2/10/2024,0.0363
3/10/2024,0.037
4/10/2024,0.0393
7/10/2024,0.0399
8/10/2024,0.0398
9/10/2024,0.0399
10/10/2024,0.0398
11/10/2024,0.0395
14/10/2024,0
15/10/2024,0.0395
16/10/2024,0.0393
17/10/2024,0.0396
18/10/2024,0.0395
21/10/2024,0.0402
22/10/2024,0.0403
23/10/2024,0.0407
24/10/2024,0.0407
25/10/2024,0.0411
28/10/2024,0.0412
29/10/2024,0.0411
30/10/2024,0.0415
31/10/2024,0.0416
1/11/2024,0.0421
4/11/2024,0.0417
5/11/2024,0.0419
6/11/2024,0.0427
7/11/2024,0.0421
8/11/2024,0.0426
11/11/2024,0
12/11/2024,0.0434
13/11/2024,0.0427
14/11/2024,0.0434
15/11/2024,0.0431
18/11/2024,0.0429
19/11/2024,0.0427
20/11/2024,0.0431
21/11/2024,0.0434
22/11/2024,0.0437
25/11/2024,0.0421
26/11/2024,0.0421
27/11/2024,0.0419
28/11/2024,0
29/11/2024,0.0413
2/12/2024,0.0417
3/12/2024,0.0417
4/12/2024,0.0413
5/12/2024,0.0415
6/12/2024,0.041
9/12/2024,0.0413
10/12/2024,0.0415
11/12/2024,0.0415
12/12/2024,0.0418
13/12/2024,0.0425
16/12/2024,0.0425
17/12/2024,0.0425
18/12/2024,0.0435
19/12/2024,0.0432
20/12/2024,0.043
23/12/2024,0.043
24/12/2024,0.0429
25/12/2024,0
26/12/2024,0.043
27/12/2024,0.0431
30/12/2024,0.0424
31/12/2024,0.0425
1/01/2025,0
2/01/2025,0.0425
3/01/2025,0.0428
6/01/2025,0.0428
7/01/2025,0.043
8/01/2025,0.0428
9/01/2025,0.0427
10/01/2025,0.044
13/01/2025,0.044
14/01/2025,0.0437
15/01/2025,0.0427
16/01/2025,0.0423
17/01/2025,0.0427
20/01/2025,0
21/01/2025,0.0429
22/01/2025,0.0429
23/01/2025,0.0429
24/01/2025,0.0427
27/01/2025,0.0417
28/01/2025,0.0419
29/01/2025,0.0421
30/01/2025,0.0418
31/01/2025,0.0422
3/02/2025,0.0426
4/02/2025,0.0421
5/02/2025,0.0417
6/02/2025,0.0421
7/02/2025,0.0429
10/02/2025,0.0428
11/02/2025,0.0429
12/02/2025,0.0436
13/02/2025,0.0431
